Mode,Time
Experiment,1625.0
Control,3523.0
Experiment,2094.0
Experiment,6010.0
Experiment,582.0
Control,1254.0
Control,2772.0
Control,2469.0
Experiment,1332.0
Experiment,257.0
Control,2535.0
Experiment,8907.0
Experiment,2285.0
Experiment,3175.0
Control,4463.0
Experiment,858.0
Experiment,3533.0
Experiment,2072.0
,
Experiment,1620.0
Control,4440.0
Experiment,1267.0
,
Experiment,719.0
Experiment,6538.0
Control,3466.0
Control,3216.0
Control,3692.0
Control,1837.0
,
Control,2318.0
Control,1378.0
Control,2105.0
Control,4290.0
Experiment,3498.0
Control,4403.0
Experiment,178.0
Experiment,2510.0
Experiment,827.0
Control,1207.0
Experiment,2965.0
Control,6531.0
Control,4963.0
Control,1601.0
Experiment,1918.0
Control,1011.0
Control,1864.0
,
Control,3854.0
Control,1671.0
Experiment,3467.0
Control,1629.0
Experiment,5144.0
Control,3576.0
Experiment,2599.0
Experiment,1214.0
Control,2306.0
Control,5252.0
Experiment,1237.0
Control,2051.0
Experiment,2999.0
Control,2785.0
Control,4330.0
Control,173.0
Experiment,1581.0
Experiment,4404.0
Experiment,946.0
Control,758.0
Experiment,3244.0
Experiment,4897.0
Experiment,1964.0
Experiment,2485.0
,
Experiment,1414.0
Experiment,1542.0
Control,342.0
Experiment,4160.0
Experiment,1355.0
Control,2022.0
Experiment,2069.0
Experiment,1879.0
Control,1436.0
Control,3191.0
,
Experiment,738.0
Experiment,4057.0
Experiment,2234.0
Experiment,4735.0
Experiment,2955.0
Control,1585.0
Control,5102.0
,
,
Experiment,1326.0
Control,3266.0
Experiment,2938.0
Experiment,2043.0
Control,4876.0
Experiment,1416.0
Control,1854.0
Experiment,1981.0
Experiment,3744.0
Experiment,1998.0
Control,1098.0
Experiment,2130.0
Control,3366.0
Experiment,3805.0
Experiment,12381.0
Control,4055.0
Experiment,772.0
Control,4122.0
Experiment,15733.0
Experiment,831.0
Experiment,5184.0
Control,2226.0
Control,3832.0
Experiment,3434.0
Control,2971.0
Control,3321.0
Control,3709.0
Experiment,4202.0
Control,1565.0
Control,4916.0
Control,2409.0
Control,2163.0
Experiment,3945.0
,
Control,5275.0
Control,4710.0
Control,336.0
Experiment,880.0
Experiment,2120.0
Control,2618.0
Experiment,3233.0
Experiment,4713.0
Experiment,4150.0
Control,2798.0
Experiment,4908.0
Control,5469.0
Control,2799.0
Experiment,1770.0
Experiment,2165.0
Experiment,7271.0
Control,6085.0
Experiment,2478.0
Experiment,6042.0
Experiment,5774.0
Experiment,1745.0
Experiment,4165.0
Control,1666.0
Experiment,4849.0
Control,2461.0
Experiment,6224.0
Experiment,2073.0
Control,967.0
Control,3214.0
Control,3815.0
Control,3113.0
Control,1171.0
Experiment,2107.0
Control,204.0
Control,2180.0
Control,2763.0
Experiment,1500.0
Control,2208.0
Control,2930.0
Experiment,2574.0
Experiment,1668.0
Experiment,2039.0
Control,2177.0
Control,3034.0
Experiment,3547.0
Control,1199.0
Control,4262.0
Experiment,1512.0
Control,1993.0
Experiment,3437.0
Control,1363.0
Experiment,2163.0
Control,1068.0
,
Control,6803.0
Control,6412.0
Control,1401.0
Experiment,1028.0
Control,2511.0
Control,3622.0
Experiment,3059.0
Control,5976.0
Experiment,1983.0
Experiment,1902.0
Control,2800.0
Control,2910.0
Control,1653.0
Experiment,1870.0
Control,1888.0
Control,4380.0
Control,3136.0
Control,3655.0
Experiment,4063.0
Control,1452.0
Experiment,1588.0
Control,1454.0
Control,576.0
Control,1871.0
Experiment,4469.0
Control,2129.0
Control,5029.0
Control,2540.0
Experiment,2529.0
Experiment,511.0
Control,2409.0
Control,1524.0
Control,417.0
Control,2459.0
Control,3662.0
Control,3839.0
Experiment,3888.0
Experiment,1464.0
Experiment,768.0
Experiment,1147.0
Experiment,1863.0
Control,1692.0
Control,3011.0
Experiment,2188.0
Control,1615.0
Control,207.0
Experiment,960.0
Experiment,484.0
Experiment,1912.0
Experiment,2306.0
Experiment,4476.0
Control,3140.0
Control,347.0
Control,4255.0
Experiment,2514.0
Control,4573.0
Control,6045.0
Experiment,6676.0
Experiment,1963.0
Control,3574.0
Control,2453.0
Control,809.0
Control,2551.0
Experiment,1399.0
Experiment,2385.0
Control,2542.0
Control,2539.0
Experiment,1078.0
Control,131.0
Control,2340.0
Experiment,1438.0
Control,1454.0
Experiment,1012.0
Control,998.0
Experiment,1680.0
Experiment,1695.0
Experiment,2339.0
Control,2307.0
Control,2211.0
Experiment,2250.0
Control,12104.0
Experiment,2317.0
Control,1758.0
Control,276.0
Control,2796.0
Experiment,1176.0
,
Control,1750.0
Experiment,135.0
Control,2555.0
Control,3223.0
Control,4133.0
Experiment,6837.0
Experiment,3386.0
Experiment,1914.0
Control,2280.0
Control,4857.0
Control,2009.0
Experiment,6131.0
Experiment,1714.0
Control,999.0
Experiment,1429.0
Experiment,2787.0
Experiment,4972.0
Experiment,4363.0
Experiment,142.0
Experiment,4580.0
Experiment,3406.0
Experiment,4853.0
Control,1747.0
Experiment,1610.0
,
Experiment,1921.0
Experiment,2215.0
Experiment,1991.0
Experiment,4632.0
Control,981.0
Control,3373.0
Control,1396.0
Experiment,3396.0
Control,1516.0
Control,2838.0
Experiment,4442.0
Experiment,2657.0
Experiment,3777.0
Control,2598.0
Experiment,2955.0
Experiment,4207.0
Control,2337.0
Control,3928.0
Experiment,4105.0
Control,2785.0
Experiment,5771.0
Experiment,71443.0
Experiment,6655.0
Control,2515.0
Experiment,3929.0
,
Experiment,1906.0
Experiment,1142.0
Control,1600.0
Control,5258.0
Experiment,2264.0
Control,142.0
Experiment,1130.0
Control,3384.0
Control,8157.0
Control,4258.0
Control,18663.0
Control,360.0
Control,3672.0
Experiment,4390.0
Control,1107.0
Control,1189.0
Control,2622.0
Control,791.0
Control,6673.0
,
Experiment,4281.0
Control,4973.0
Control,2172.0
Control,1370.0
Experiment,911.0
Experiment,1016.0
Control,2071.0
Experiment,211.0
Experiment,4041.0
Control,6039.0
Experiment,2766.0
Experiment,1952.0
Experiment,5025.0
Control,5613.0
Control,2695.0
Experiment,3826.0
Experiment,336.0
Experiment,2138.0
Control,1790.0
Control,3113.0
Experiment,278.0
Control,3634.0
Control,1791.0
Control,1667.0
Control,4857.0
Control,3219.0
Control,5935.0
Control,3501.0
Control,925.0
Control,5452.0
Control,2938.0
Experiment,3402.0
Control,1867.0
Control,1312.0
Control,1389.0
Control,3664.0
Control,4259.0
Control,1560.0
,
Control,1510.0
Experiment,3250.0
Experiment,6241.0
Experiment,4177.0
Experiment,3080.0
Experiment,2370.0
Experiment,1743.0
Control,8868.0
Control,1270.0
Experiment,1038.0
Experiment,5507.0
Experiment,4064.0
Control,1893.0
Control,1948.0
Experiment,2923.0
Experiment,2979.0
Control,884.0
Control,3131.0
Experiment,1035.0
Control,3881.0
Control,1836.0
Control,261.0
Experiment,1864.0
Experiment,1517.0
Experiment,3902.0
Experiment,3150.0
Experiment,1918.0
Control,4301.0
Experiment,960.0
Experiment,5991.0
Experiment,1487.0
Experiment,141.0
Experiment,1054.0
,
Control,9076.0
Experiment,2206.0
Control,6738.0
Control,638.0
Control,2168.0
Experiment,1910.0
,
Control,284.0
Control,80.0
,
Control,3417.0
Control,3025.0
Experiment,3287.0
Experiment,2610.0
Control,2909.0
Experiment,3877.0
Experiment,4589.0
Experiment,2297.0
Experiment,1804.0
Control,2894.0
Control,3655.0
Experiment,3668.0
,
Control,3499.0
Experiment,1655.0
Control,1228.0
Control,3224.0
Control,2347.0
Control,4384.0
Experiment,1485.0
Control,3049.0
Control,2188.0
Experiment,2466.0
Control,658.0
Experiment,3508.0
Control,3209.0
Experiment,3748.0
Experiment,1803.0
Experiment,8501.0
Control,811.0
Experiment,3413.0
Control,2441.0
Control,2635.0
Experiment,377.0
,
Experiment,4217.0
Control,2143.0
Control,3545.0
Experiment,2992.0
Experiment,4926.0
Control,1743.0
Control,4468.0
Control,3153.0
Experiment,2698.0
Experiment,1171.0
Experiment,2657.0
Experiment,4478.0
Experiment,690.0
Experiment,2693.0
,
Control,1358.0
Experiment,2112.0
Control,1926.0
Experiment,1103.0
Experiment,2254.0
Control,1964.0
Experiment,1528.0
Experiment,1239.0
Control,2156.0
Control,2136.0
Control,1847.0
Experiment,2662.0
Experiment,6451.0
Control,3081.0
Control,3449.0
Control,8752.0
Control,4600.0
Experiment,5383.0
Control,1011.0
Experiment,1295.0
Control,1257.0
Experiment,1796.0
Experiment,2561.0
Control,1414.0
Experiment,2892.0
Control,1521.0
Control,4545.0
Control,17972.0
,
Experiment,3405.0
Control,2109.0
Experiment,31266.0
Control,4636.0
Experiment,4102.0
Experiment,3497.0
Experiment,2824.0
Experiment,1105.0
Experiment,3142.0
Experiment,2686.0
Experiment,1245.0
Experiment,3861.0
Control,909.0
Control,3371.0
Experiment,7406.0
Control,2301.0
Control,4679.0
Experiment,9205.0
Control,2994.0
Experiment,1411.0
Control,1800.0
Control,243.0
Control,3872.0
,
Experiment,1081.0
Experiment,2139.0
Control,6279.0
Control,968.0
Experiment,2468.0
Control,4146.0
Control,2727.0
Experiment,140.0
Control,2216.0
Experiment,1514.0
Control,916.0
Control,1472.0
Experiment,2595.0
Experiment,1047.0
Experiment,8066.0
Control,143.0
Control,3984.0
Experiment,2607.0
,
Experiment,4834.0
Control,2626.0
,
Experiment,3436.0
Control,4872.0
Experiment,2617.0
Control,2540.0
Experiment,4956.0
Experiment,996.0
,
Experiment,1108.0
Experiment,2056.0
Control,1015.0
Experiment,3694.0
Control,981.0
Experiment,3279.0
,
Control,1995.0
Experiment,1362.0
Experiment,1229.0
Experiment,2228.0
Experiment,1650.0
Experiment,447.0
Control,2213.0
Control,1321.0
Control,5058.0
Control,1258.0
,
Experiment,1229.0
Control,6410.0
Experiment,29279.0
Experiment,939.0
Experiment,2698.0
Experiment,777.0
Control,1837.0
Experiment,773.0
Experiment,3212.0
Control,3958.0
Experiment,3145.0
Control,1261.0
Control,1498.0
Control,1935.0
Control,4030.0
Control,2176.0
Control,2439.0
Experiment,2514.0
,
Control,5058.0
Experiment,1403.0
Control,378.0
Experiment,3798.0
Control,1445.0
Control,7554.0
Control,2439.0
Control,2679.0
Control,2504.0
Control,2526.0
Control,2267.0
Control,1533.0
Control,4045.0
Experiment,13702.0
Control,4352.0
Experiment,2384.0
Experiment,1994.0
Experiment,4201.0
Control,3320.0
,
Experiment,1240.0
Control,9856.0
Control,12196.0
Control,2288.0
Experiment,8076.0
Experiment,1347.0
Experiment,2630.0
,
Control,1563.0
Control,2556.0
Control,2454.0
,
,
Control,2448.0
Control,2257.0
Control,1756.0
Experiment,7533.0
Experiment,646.0
,
Control,1586.0
Control,1728.0
Experiment,2744.0
Experiment,6813.0
,
Experiment,2296.0
Experiment,1212.0
,
Experiment,2152.0
Control,293.0
Control,3861.0
Experiment,3554.0
Control,888.0
Experiment,1345.0
Control,5777.0
Experiment,2368.0
Experiment,2223.0
Experiment,2412.0
Control,3224.0
Control,3829.0
,
Control,2444.0
Control,1365.0
Control,4835.0
Control,157.0
Control,241.0
Control,2531.0
Experiment,6355.0
Control,2471.0
Experiment,2433.0
Experiment,1872.0
Experiment,584.0
Control,5831.0
,
Control,2810.0
Control,1935.0
Experiment,4679.0
Experiment,1532.0
Experiment,4920.0
Control,6485.0
Control,1457.0
Control,1166.0
Control,3045.0
Control,1551.0
Control,1146.0
Control,3061.0
Experiment,3869.0
Control,2809.0
Experiment,1486.0
,
Control,2416.0
Control,1971.0
Experiment,2198.0
Experiment,3509.0
Experiment,2706.0
Control,2864.0
Experiment,1663.0
Experiment,1094.0
Experiment,2197.0
Control,1523.0
Experiment,3655.0
Experiment,2300.0
Experiment,271.0
Experiment,6161.0
Control,1554.0
Experiment,1103.0
Control,1126.0
Experiment,2421.0
Experiment,1112.0
Control,1437.0
Control,5851.0
Experiment,5559.0
Control,1267.0
Experiment,1878.0
Experiment,3816.0
Experiment,187.0
Experiment,2388.0
Experiment,900.0
Experiment,8522.0
Experiment,1459.0
Experiment,1926.0
Experiment,5461.0
Control,5521.0
Control,2424.0
Experiment,2286.0
Control,860.0
Experiment,2055.0
Experiment,2243.0
Control,2469.0
Control,1583.0
Experiment,2618.0
Experiment,2071.0
Experiment,1124.0
Control,1894.0
Control,2301.0
Control,1099.0
Control,3320.0
Control,1977.0
Control,6223.0
Experiment,8772.0
Experiment,1013.0
Experiment,2291.0
Control,2503.0
Experiment,5198.0
Control,1569.0
Experiment,1772.0
,
Control,7530.0
,
Control,241.0
Experiment,1611.0
Control,5897.0
Experiment,3576.0
Control,3422.0
Experiment,2115.0
,
Control,2410.0
,
Control,2620.0
Experiment,1249.0
Control,2257.0
Experiment,8805.0
Control,1990.0
Experiment,2679.0
Control,3326.0
Control,1527.0
Control,161.0
Experiment,4085.0
Control,2468.0
Control,1535.0
Control,6799.0
Control,2320.0
Control,4203.0
Experiment,1647.0
Experiment,229.0
Control,2490.0
Experiment,4036.0
Experiment,1210.0
Experiment,2656.0
Experiment,5371.0
Experiment,3011.0
Control,1618.0
Control,5851.0
Experiment,17317.0
Control,1522.0
Experiment,1017.0
Control,3078.0
Experiment,102.0
Control,1369.0
Control,1311.0
Experiment,1380.0
Experiment,9352.0
Control,1495.0
Control,2487.0
Experiment,1602.0
Experiment,2192.0
Experiment,2903.0
Control,7147.0
Control,1792.0
Experiment,1427.0
Control,3213.0
Control,3295.0
Control,3069.0
Control,2591.0
Control,1480.0
Control,1539.0
Experiment,2887.0
Control,5036.0
Control,7608.0
Control,10481.0
Experiment,2165.0
Control,1915.0
Experiment,1207.0
,
Control,4046.0
Experiment,3648.0
Experiment,2024.0
Control,3334.0
Experiment,1490.0
Control,7390.0
Control,360.0
Experiment,3904.0
Experiment,2505.0
Control,3142.0
Experiment,1343.0
Control,3746.0
Control,4621.0
Control,1040.0
Control,4991.0
Control,14525.0
Control,1376.0
,
,
Experiment,5214.0
Experiment,3411.0
Control,5099.0
Experiment,2335.0
Control,7032.0
Experiment,1959.0
Control,3160.0
Control,4241.0
Experiment,4581.0
Experiment,725.0
Experiment,1752.0
Experiment,1994.0
Experiment,1414.0
Experiment,2367.0
Control,1542.0
Experiment,3219.0
Experiment,1893.0
Control,3343.0
Control,2196.0
Control,6730.0
Experiment,1551.0
Control,2101.0
Control,3299.0
Control,2541.0
Experiment,2870.0
Control,1361.0
Experiment,332.0
Control,5060.0
Control,1672.0
,
Control,1166.0
,
Control,2714.0
Experiment,2602.0
Experiment,2861.0
Control,1424.0
Experiment,1525.0
Experiment,2044.0
Control,1372.0
Control,1639.0
Experiment,3004.0
Experiment,1983.0
Control,4819.0
Experiment,1847.0
Control,1808.0
Control,3356.0
Experiment,3690.0
Experiment,15257.0
Control,1260.0
Experiment,1505.0
Control,1515.0
Control,2491.0
,
Experiment,3950.0
Control,2822.0
,
Experiment,496.0
Experiment,8413.0
Experiment,4462.0
Control,168.0
Experiment,5216.0
Experiment,3999.0
Experiment,2248.0
Control,4322.0
Control,5908.0
Control,1841.0
Experiment,4509.0
Experiment,2401.0
Control,1533.0
Control,3108.0
Control,983.0
Control,2401.0
Control,1916.0
Experiment,257.0
Control,1208.0
Control,3294.0
Experiment,5089.0
Control,3164.0
Control,1996.0
Experiment,5098.0
Experiment,1827.0
Experiment,2007.0
Control,3258.0
Experiment,3714.0
,
Experiment,3312.0
Control,1811.0
Control,4815.0
Control,1707.0
,
Experiment,2112.0
,
Experiment,5612.0
Control,2749.0
Experiment,2450.0
Experiment,2841.0
Experiment,3098.0
Experiment,3529.0
Control,1728.0
Experiment,7875.0
Experiment,1816.0
Control,2197.0
Experiment,3043.0
Control,2815.0
Experiment,590.0
Control,5561.0
Control,3824.0
Control,1055.0
Control,2716.0
Control,2533.0
Control,2584.0
Control,4031.0
Experiment,3668.0
Control,2054.0
Experiment,3543.0
Experiment,162.0
Control,2470.0
Control,7528.0
Control,1418.0
Experiment,3761.0
Control,6538.0
,
Experiment,4008.0
Experiment,3315.0
,
Control,2239.0
Experiment,2605.0
,
Experiment,141.0
Control,1497.0
Control,2014.0
Control,3121.0
Experiment,3857.0
Experiment,1584.0
Control,1395.0
Experiment,1704.0
Experiment,2222.0
Control,6570.0
Control,2412.0
Experiment,3508.0
Experiment,183.0
Experiment,4151.0
Control,3703.0
Experiment,4017.0
Experiment,956.0
Experiment,1643.0
Control,1790.0
Experiment,1511.0
Control,2638.0
Control,890.0
Control,4569.0
Control,2300.0
Control,628.0
Control,1658.0
Experiment,2222.0
Control,4121.0
Experiment,4016.0
Experiment,2004.0
Experiment,3535.0
Experiment,3196.0
Control,2621.0
Experiment,2797.0
Control,2758.0
Control,2494.0
Experiment,14363.0
Control,2501.0
Control,1055.0
Control,2556.0
Control,1245.0
Experiment,5223.0
Experiment,1279.0
Experiment,6610.0
,
Control,5254.0
Experiment,2390.0
Control,2577.0
Experiment,5396.0
Experiment,5701.0
Experiment,8461.0
Control,2219.0
Experiment,1756.0
Control,2331.0
Control,1582.0
Control,1119.0
Experiment,2997.0
Experiment,3031.0
Control,3252.0
Experiment,3179.0
,
Control,2647.0
Control,6112.0
Experiment,4548.0
Experiment,7126.0
Control,3004.0
Experiment,1913.0
Experiment,1877.0
Experiment,1175.0
Control,1202.0
Experiment,25452.0
Experiment,10883.0
Experiment,1491.0
Control,540.0
Experiment,551.0
Control,1782.0
Control,1521.0
Control,4659.0
Control,3273.0
,
Control,208.0
Control,2487.0
Experiment,358.0
Experiment,1573.0
Experiment,865.0
Experiment,4675.0
,
,
Experiment,10464.0
Control,2311.0
Control,4617.0
Experiment,11891.0
Experiment,3835.0
Experiment,1912.0
Control,1359.0
Experiment,2563.0
Experiment,838.0
Control,2449.0
Control,4849.0
Control,15989.0
Experiment,7522.0
Experiment,4989.0
Experiment,2185.0
Experiment,1330.0
Control,245.0
Experiment,2031.0
Control,2324.0
Control,1413.0
Control,4439.0
Control,2086.0
Control,4512.0
Experiment,3338.0
Experiment,272.0
Experiment,2663.0
Experiment,5157.0
Experiment,1953.0
Control,13651.0
Control,2445.0
Control,1724.0
Experiment,1543.0
Control,1321.0
Experiment,4078.0
Control,3899.0
Control,1650.0
Experiment,4885.0
Experiment,2680.0
,
Experiment,11447.0
Control,1465.0
Experiment,6282.0
Experiment,4223.0
Experiment,1338.0
Control,1009.0
Control,1895.0
Control,1648.0
Experiment,2406.0
Control,8139.0
Experiment,3358.0
Control,1302.0
Experiment,1482.0
Experiment,1887.0
Experiment,911.0
,
Experiment,8823.0
Experiment,1062.0
Control,2247.0
Control,2406.0
Control,404.0
Experiment,1047.0
Experiment,4410.0
Experiment,3485.0
Control,3228.0
Control,2561.0
Experiment,1188.0
,
Experiment,6824.0
Experiment,1386.0
Control,3615.0
Experiment,1163.0
Experiment,1181.0
Experiment,1205.0
Control,1630.0
Experiment,2152.0
Experiment,5894.0
Experiment,1758.0
Control,415.0
Experiment,108.0
Control,9286.0
Experiment,2559.0
Experiment,2524.0
Experiment,1082.0
Experiment,1581.0
Experiment,3524.0
Control,4253.0
Control,2224.0
Control,1610.0
Control,2250.0
Control,171.0
Experiment,1317.0
Control,240.0
Experiment,4418.0
Control,756.0
Control,2286.0
Control,2092.0
,
Experiment,1372.0
Experiment,1460.0
Experiment,5275.0
Control,4700.0
Experiment,2247.0
Experiment,1086.0
Control,2201.0
Experiment,2426.0
Experiment,2527.0
Control,2531.0
Control,3278.0
Control,2863.0
Experiment,2720.0
,
Experiment,4825.0
Control,1319.0
Control,3667.0
Control,2861.0
Experiment,4221.0
Control,9284.0
Experiment,3608.0
Control,4515.0
Experiment,2335.0
Experiment,2115.0
Experiment,1602.0
Experiment,2092.0
Control,4459.0
Experiment,5855.0
Control,3554.0
Experiment,3640.0
Experiment,2540.0
Control,1458.0
Experiment,2224.0
Experiment,1449.0
Experiment,1745.0
Control,4020.0
Experiment,3254.0
Control,3564.0
Experiment,1309.0
Experiment,3401.0
Experiment,2744.0
Control,30341.0
Experiment,4007.0
Experiment,2027.0
Control,9067.0
Experiment,2920.0
Control,1742.0
Experiment,1239.0
Experiment,4981.0
Experiment,4023.0
Experiment,1654.0
Control,230.0
Experiment,4308.0
,
Experiment,5360.0
,
Control,2679.0
Control,3523.0
Experiment,4488.0
Control,3460.0
Experiment,1281.0
Control,1252.0
Control,3859.0
Experiment,1167.0
Experiment,1903.0
Control,5670.0
,
Experiment,1523.0
Control,1714.0
Control,5141.0
Control,6414.0
Control,4251.0
Experiment,4118.0
Control,2702.0
Control,1880.0
Experiment,2338.0
Control,1551.0
Control,1312.0
Control,2156.0
Experiment,2565.0
Control,6373.0
Experiment,1933.0
Experiment,4309.0
Control,5024.0
Control,7360.0
Experiment,402.0
Control,1095.0
Experiment,3985.0
Control,2193.0
Experiment,12974.0
Experiment,3868.0
,
Experiment,3995.0
Experiment,2268.0
Experiment,3356.0
Experiment,12059.0
Control,2152.0
Control,3075.0
Control,5158.0
Experiment,1936.0
Experiment,1688.0
Experiment,2864.0
Control,2172.0
Experiment,2447.0
,
Experiment,1272.0
Control,1243.0
Experiment,2164.0
Experiment,3549.0
Control,853.0
Control,56315.0
Experiment,3474.0
Control,3158.0
Experiment,1313.0
Experiment,1753.0
Experiment,2565.0
Control,859.0
Experiment,2805.0
Control,2261.0
Experiment,4119.0
Control,1200.0
Control,1505.0
Control,1883.0
Experiment,3180.0
Experiment,3809.0
,
Experiment,1979.0
Experiment,3938.0
Experiment,3145.0
Experiment,3405.0
Experiment,976.0
Control,1630.0
Control,2937.0
Experiment,673.0
Control,6153.0
Experiment,3714.0
Experiment,5880.0
Experiment,878.0
Experiment,1486.0
Control,1179.0
Experiment,2473.0
Experiment,2194.0
Experiment,1058.0
Experiment,4242.0
Control,4513.0
Control,690.0
Experiment,1524.0
Experiment,6358.0
Experiment,3578.0
Experiment,111.0
Experiment,1969.0
Experiment,11043.0
Experiment,312.0
Experiment,1220.0
Control,8411.0
Experiment,2084.0
Control,7456.0
Experiment,10335.0
Experiment,3865.0
Experiment,1205.0
Control,2007.0
Control,2883.0
Control,3872.0
Experiment,201.0
Experiment,721.0
Experiment,407.0
Experiment,2154.0
Control,3024.0
Control,5414.0
Control,1275.0
Experiment,3503.0
,
Control,27791.0
Experiment,2910.0
Experiment,2327.0
Control,4248.0
Control,132.0
Control,2621.0
Experiment,3878.0
Control,3268.0
Control,2600.0
Experiment,3308.0
Experiment,4370.0
Experiment,2422.0
Experiment,7090.0
Experiment,2464.0
Control,159.0
Experiment,599.0
Control,2413.0
Experiment,1135.0
Experiment,3079.0
Control,2312.0
Experiment,1976.0
Experiment,1990.0
Control,4852.0
Experiment,3431.0
Experiment,2828.0
Experiment,4612.0
Experiment,2799.0
Control,1758.0
Experiment,3062.0
Control,7160.0
Control,3653.0
Experiment,2094.0
Control,9270.0
Experiment,2017.0
Experiment,3103.0
Experiment,2863.0
Experiment,3076.0
Control,2644.0
Control,3414.0
Experiment,2591.0
Experiment,3357.0
Control,6169.0
,
Control,419.0
Control,1907.0
Experiment,1017.0
,
Experiment,1221.0
Experiment,4069.0
Control,4231.0
Experiment,1880.0
Control,2750.0
Control,879.0
Experiment,1358.0
Experiment,1799.0
Control,4939.0
Control,1745.0
Control,2150.0
Experiment,1187.0
Experiment,2147.0
Experiment,4351.0
Experiment,1597.0
Control,5453.0
Control,2712.0
Control,3003.0
Experiment,5315.0
Experiment,1817.0
Control,1996.0
Control,1628.0
Experiment,7297.0
Control,919.0
Experiment,8729.0
,
Control,7186.0
Control,3552.0
,
Experiment,2463.0
Control,803.0
Experiment,1574.0
,
Control,7645.0
Experiment,1181.0
Control,657.0
Control,2701.0
Experiment,3414.0
Control,3400.0
,
Control,2453.0
Experiment,2187.0
Experiment,890.0
Experiment,3398.0
Experiment,2828.0
Control,2077.0
Experiment,1532.0
Control,3370.0
Control,1030.0
Experiment,401.0
Experiment,3310.0
Experiment,5353.0
Experiment,1785.0
Experiment,926.0
Experiment,4387.0
Control,12460.0
Experiment,2377.0
Experiment,2885.0
Control,3499.0
Experiment,4242.0
Control,3583.0
Experiment,10244.0
Control,2641.0
Experiment,2958.0
Control,4976.0
Control,4289.0
Experiment,2329.0
Control,2026.0
Experiment,3055.0
Control,1104.0
Control,914.0
Experiment,861.0
Control,3439.0
,
Control,2002.0
Control,5010.0
,
Control,6851.0
Experiment,5488.0
Experiment,4166.0
Experiment,1781.0
Experiment,876.0
Experiment,1403.0
Control,8011.0
Control,7273.0
Control,1581.0
Control,13539.0
Control,3989.0
Control,1862.0
Control,1972.0
Experiment,6681.0
Experiment,842.0
Control,1241.0
Control,7901.0
Control,949.0
Control,21621.0
Control,1704.0
Experiment,1250.0
Experiment,2256.0
Experiment,3204.0
,
Experiment,451.0
Experiment,1611.0
,
Experiment,1602.0
Experiment,338.0
Experiment,2693.0
,
Control,2372.0
Control,2385.0
Control,1454.0
Control,2563.0
Control,2893.0
Experiment,5629.0
,
Experiment,7399.0
Control,4949.0
Experiment,2918.0
Experiment,1414.0
Control,5080.0
Control,1600.0
,
Control,642.0
Experiment,390.0
Control,1568.0
Control,3591.0
Control,14709.0
Control,2384.0
Control,1862.0
Control,2844.0
Control,3734.0
Control,1613.0
Experiment,3500.0
Experiment,417.0
Control,1115.0
Experiment,6365.0
Experiment,2037.0
Control,356.0
,
Control,8972.0
Experiment,4001.0
,
Experiment,6560.0
,
Experiment,2606.0
Experiment,2828.0
Experiment,1202.0
Control,2686.0
Experiment,1123.0
Experiment,1970.0
,
Experiment,3336.0
Experiment,5333.0
Control,1807.0
Control,2549.0
Experiment,3678.0
Experiment,4564.0
Control,1110.0
Control,4268.0
Control,11509.0
Experiment,1936.0
,
Control,4797.0
Control,702.0
Experiment,1927.0
Experiment,4147.0
Control,2308.0
Control,3862.0
Experiment,596.0
Control,3019.0
Experiment,3500.0
Experiment,2213.0
Experiment,3442.0
,
Control,2446.0
Control,178.0
Experiment,6836.0
Experiment,12433.0
Experiment,3157.0
Experiment,2311.0
Control,3165.0
Control,1471.0
Control,2987.0
Experiment,3716.0
Experiment,2469.0
,
Control,2289.0
Experiment,2451.0
Experiment,4460.0
Control,2243.0
Experiment,3161.0
Experiment,1438.0
,
Experiment,2221.0
Experiment,2384.0
Experiment,2068.0
Experiment,3925.0
Experiment,1130.0
Experiment,4707.0
Control,7021.0
Experiment,11970.0
Experiment,4538.0
Control,747.0
Experiment,2359.0
Control,5339.0
Control,1535.0
Experiment,4964.0
Control,3553.0
Experiment,716.0
Experiment,3145.0
Experiment,2862.0
Experiment,1271.0
,
,
Control,2352.0
Experiment,1648.0
Control,2414.0
Control,3299.0
Experiment,4346.0
Experiment,1985.0
,
Control,1069.0
Control,3532.0
Experiment,2307.0
Experiment,11175.0
,
Experiment,2934.0
Control,2476.0
Experiment,4747.0
Experiment,2736.0
Experiment,5793.0
Experiment,2408.0
Experiment,2814.0
,
Control,1570.0
Experiment,5129.0
Control,3434.0
Control,2580.0
Experiment,1790.0
Experiment,2522.0
Experiment,1666.0
Control,2786.0
Control,1702.0
Control,4148.0
Experiment,4337.0
Experiment,382.0
Experiment,4109.0
Control,386.0
Control,1842.0
Experiment,2453.0
Experiment,3051.0
Experiment,1909.0
,
Experiment,5278.0
Experiment,1298.0
Control,474.0
Control,2310.0
Experiment,6576.0
Control,2043.0
Control,2518.0
Experiment,85.0
Control,5894.0
Experiment,1383.0
Experiment,2158.0
Experiment,2619.0
Experiment,1541.0
Experiment,2692.0
Control,1267.0
Experiment,1511.0
Experiment,378.0
Control,1475.0
Control,2082.0
Control,1802.0
Control,168.0
Experiment,1353.0
Experiment,2230.0
Experiment,349.0
Experiment,3889.0
Control,3587.0
Experiment,8091.0
Control,2115.0
Experiment,2971.0
Experiment,978.0
Experiment,3613.0
Control,9451.0
Control,352.0
Experiment,3266.0
Experiment,1604.0
,
Control,2045.0
Control,1600.0
Experiment,3169.0
,
Experiment,5840.0
Experiment,1921.0
Experiment,2610.0
Control,2512.0
Experiment,1192.0
Experiment,4020.0
Control,4187.0
Experiment,748.0
Control,950.0
Experiment,2457.0
Control,2136.0
Control,864.0
Experiment,6427.0
Control,2491.0
Control,8581.0
Control,924.0
,
,
Control,846.0
Experiment,922.0
Experiment,3823.0
Experiment,1570.0
Control,1984.0
Control,282.0
Control,3015.0
Experiment,2074.0
Control,4444.0
Experiment,2334.0
Experiment,985.0
Experiment,2045.0
Experiment,4501.0
Control,6800.0
,
Experiment,6238.0
Experiment,676.0
Experiment,1410.0
Control,2921.0
Control,7231.0
Experiment,2405.0
Control,731.0
Experiment,6299.0
Experiment,1527.0
Control,978.0
Control,2024.0
Experiment,905.0
Experiment,2445.0
Control,271.0
Experiment,10904.0
Control,2585.0
Experiment,960.0
Experiment,114.0
Control,2322.0
Experiment,1787.0
,
Control,823.0
Control,1098.0
Control,3333.0
Control,3340.0
,
Control,1355.0
Experiment,1529.0
Experiment,1642.0
Experiment,5500.0
Control,7718.0
Experiment,1008.0
Control,881.0
Control,4015.0
Experiment,5134.0
Control,1890.0
Control,2272.0
Control,2378.0
Experiment,922.0
Experiment,1451.0
Experiment,923.0
Control,2587.0
Experiment,1685.0
Experiment,7112.0
Control,2308.0
Control,3153.0
,
Experiment,218.0
Experiment,3847.0
Control,1122.0
Control,2472.0
Experiment,3758.0
Control,5864.0
Experiment,1406.0
Control,3413.0
Control,2237.0
Experiment,2807.0
,
Control,1025.0
Control,3754.0
,
Control,1978.0
Experiment,3582.0
Experiment,13124.0
Experiment,5575.0
Experiment,1407.0
Experiment,1281.0
Experiment,5146.0
Control,2299.0
Control,1491.0
Control,1463.0
Experiment,2144.0
Control,6294.0
Control,904.0
Experiment,4919.0
Experiment,3333.0
Experiment,2738.0
Experiment,1916.0
Experiment,7894.0
Experiment,3679.0
Control,4342.0
Experiment,2920.0
Experiment,2913.0
,
Experiment,2234.0
Control,2848.0
Experiment,3990.0
Control,2577.0
Experiment,185.0
Experiment,4717.0
,
Control,6251.0
Experiment,3637.0
Control,903.0
Control,5793.0
Experiment,1979.0
Control,6441.0
Control,4873.0
Control,2429.0
,
Control,1083.0
Experiment,1276.0
Control,1871.0
Experiment,1407.0
Experiment,3163.0
Control,2981.0
Experiment,1247.0
Experiment,2625.0
Experiment,2038.0
Experiment,2399.0
Experiment,1149.0
Experiment,122.0
Control,1535.0
Control,947.0
Control,3569.0
Experiment,4311.0
Control,1684.0
Experiment,4729.0
Experiment,1520.0
Control,2976.0
Experiment,3199.0
Control,4123.0
Experiment,1049.0
Control,1521.0
Control,3462.0
Experiment,1659.0
Experiment,1301.0
Control,726.0
Experiment,164.0
Control,1548.0
Experiment,1016.0
Experiment,3200.0
,
,
Experiment,1517.0
Experiment,4927.0
Control,4400.0
Experiment,2193.0
Experiment,224.0
Control,2480.0
Experiment,4188.0
Experiment,2116.0
Control,1538.0
Experiment,308.0
Control,2601.0
,
Control,1099.0
Experiment,1079.0
Experiment,5010.0
,
Experiment,1702.0
Control,534.0
Control,5344.0
Control,2815.0
Experiment,2189.0
Control,999.0
Control,1728.0
Experiment,9723.0
Control,3638.0
Control,2368.0
Experiment,1471.0
Control,2604.0
Experiment,1409.0
Experiment,2313.0
Experiment,2472.0
Experiment,1382.0
Experiment,2079.0
Experiment,1797.0
Control,4171.0
Experiment,4780.0
Control,228.0
Control,3154.0
Experiment,2884.0
,
Control,1629.0
,
Control,1439.0
Control,1823.0
Experiment,4938.0
Experiment,6438.0
Control,1919.0
Experiment,6728.0
Control,2030.0
Control,2672.0
Experiment,2843.0
Control,3848.0
Control,520.0
Control,2420.0
Experiment,2437.0
Experiment,972.0
Control,970.0
Experiment,5007.0
Experiment,4293.0
Experiment,3112.0
Experiment,4229.0
Experiment,1590.0
Control,1522.0
Experiment,1467.0
,
Control,2345.0
Control,6157.0
Control,1104.0
Control,5450.0
Control,1641.0
Experiment,3296.0
Control,2217.0
Control,2924.0
Experiment,2142.0
Experiment,556.0
Control,3055.0
Control,845.0
Experiment,3379.0
Control,2356.0
,
Experiment,1191.0
Control,844.0
Experiment,1392.0
Control,2509.0
Control,5385.0
Experiment,2906.0
Experiment,1026.0
Experiment,4244.0
Control,1307.0
Experiment,807.0
Experiment,1630.0
,
Control,2167.0
Experiment,4286.0
Control,4430.0
Control,7137.0
Control,1779.0
Experiment,2513.0
Control,4000.0
Experiment,3213.0
Control,857.0
Experiment,1450.0
Experiment,4757.0
Experiment,1927.0
Control,10760.0
Experiment,1527.0
Experiment,7457.0
Control,4821.0
Control,5428.0
Control,158.0
Experiment,2641.0
Experiment,1793.0
Control,1547.0
Control,868.0
Experiment,1557.0
Control,3478.0
Experiment,2654.0
Control,2114.0
Experiment,2620.0
Control,1651.0
Control,630.0
Experiment,1863.0
Experiment,2369.0
,
Experiment,2594.0
,
Control,3305.0
Control,2769.0
Control,1371.0
Experiment,2999.0
Experiment,2028.0
Experiment,2115.0
Control,4019.0
Experiment,1141.0
Control,1158.0
Control,1382.0
Control,418.0
Experiment,3077.0
Experiment,1668.0
Experiment,2709.0
Control,2317.0
Experiment,1885.0
Control,228.0
Experiment,1160.0
Control,6599.0
Experiment,1341.0
Experiment,5477.0
Experiment,1303.0
Experiment,2470.0
Control,3642.0
Control,2435.0
Experiment,1490.0
Experiment,2034.0
Experiment,1268.0
Control,2252.0
,
Control,4038.0
Control,1989.0
Control,4016.0
Control,2522.0
Experiment,3835.0
Experiment,2866.0
Control,8942.0
Control,2562.0
Experiment,2388.0
Experiment,2042.0
Experiment,794.0
Experiment,3488.0
Experiment,2759.0
Experiment,1739.0
Control,1901.0
Control,1048.0
Control,581.0
Control,2522.0
Control,1929.0
Control,3253.0
Control,1656.0
Control,3271.0
Control,2109.0
Control,1254.0
Experiment,1981.0
,
,
Control,864.0
Control,8039.0
Control,5128.0
Experiment,3595.0
Control,2744.0
Control,2362.0
Control,500.0
Control,9256.0
Control,3359.0
Control,1017.0
Experiment,1747.0
Control,904.0
Control,1609.0
Control,2256.0
Control,3434.0
Control,1433.0
Control,1181.0
Experiment,3188.0
Experiment,8789.0
Control,1240.0
Control,3443.0
Experiment,1009.0
Control,5710.0
Control,3372.0
Control,929.0
Control,2280.0
Control,2370.0
,
Control,6030.0
Control,2069.0
Control,2410.0
Experiment,5591.0
,
Control,1540.0
Control,2584.0
,
Experiment,4252.0
Experiment,4011.0
Control,1737.0
Control,2158.0
Experiment,1177.0
Experiment,1557.0
Experiment,10146.0
Experiment,2900.0
Experiment,1501.0
Control,285.0
Control,2114.0
Experiment,2203.0
,
Control,2319.0
Experiment,7063.0
Experiment,4744.0
Control,2116.0
Control,1651.0
Experiment,3054.0
Experiment,937.0
Experiment,2856.0
Control,448.0
,
Control,1547.0
Experiment,1840.0
Experiment,3975.0
Control,1229.0
Control,199.0
Control,2900.0
Experiment,131.0
Control,1098.0
Experiment,2554.0
Experiment,4512.0
Control,4914.0
Experiment,2325.0
Control,2491.0
Experiment,1358.0
Control,3889.0
Experiment,2938.0
Control,1577.0
Control,6020.0
Control,3160.0
Experiment,2478.0
Experiment,3629.0
,
,
Experiment,2512.0
Experiment,891.0
,
Control,4315.0
Control,1074.0
Control,3451.0
Control,1640.0
Control,3474.0
Experiment,3102.0
Control,724.0
Control,5288.0
Experiment,2959.0
Control,4602.0
Experiment,3479.0
Control,2423.0
Experiment,936.0
Experiment,3418.0
Control,1407.0
Experiment,3865.0
Experiment,2690.0
Experiment,7628.0
Control,1754.0
Experiment,4202.0
Control,8043.0
Experiment,1908.0
Control,3332.0
Experiment,3608.0
Control,905.0
Control,2979.0
Experiment,1625.0
Experiment,1399.0
,
Control,3909.0
Experiment,1948.0
Experiment,10440.0
Control,1285.0
Control,9842.0
Experiment,1111.0
Experiment,995.0
Control,1963.0
Experiment,1190.0
Control,1367.0
Experiment,1098.0
Experiment,10404.0
Experiment,1494.0
Experiment,2155.0
Experiment,1690.0
Experiment,1444.0
Control,3067.0
Experiment,2376.0
Experiment,813.0
Experiment,2957.0
Experiment,3084.0
Experiment,194.0
,
Control,3282.0
Experiment,2673.0
Control,1560.0
Control,4411.0
Control,13173.0
,
Experiment,3440.0
Control,2257.0
Control,1993.0
Experiment,6811.0
Control,1204.0
Control,1595.0
Control,5054.0
Control,4795.0
Control,7266.0
Experiment,4639.0
Control,3092.0
Experiment,7033.0
,
,
Control,4330.0
Experiment,2456.0
Control,3546.0
Control,2833.0
Experiment,2023.0
Control,3149.0
,
Control,1066.0
,
Experiment,2419.0
Experiment,4936.0
Control,2161.0
Control,1202.0
,
Control,3782.0
Experiment,3769.0
Experiment,1243.0
Control,1363.0
Control,1510.0
Control,1806.0
Control,2357.0
Experiment,3742.0
Control,1993.0
Experiment,5082.0
Experiment,2882.0
Experiment,299.0
Control,1733.0
Experiment,2408.0
Experiment,1278.0
Experiment,877.0
Control,3016.0
Control,3028.0
,
Experiment,1730.0
Experiment,4108.0
Experiment,5670.0
Control,3186.0
Experiment,1923.0
Control,2737.0
Experiment,2037.0
Control,1518.0
Control,2308.0
Experiment,1461.0
Control,2249.0
Control,1103.0
Control,296.0
Control,936.0
Control,2948.0
Control,2735.0
Control,5346.0
Experiment,438.0
Control,3298.0
Control,3275.0
,
Control,2579.0
Experiment,5185.0
Control,6681.0
Experiment,1354.0
Control,1543.0
Experiment,3128.0
Experiment,693.0
Experiment,2688.0
,
Control,3996.0
Control,7022.0
Experiment,2202.0
Experiment,2988.0
Experiment,135.0
Experiment,1557.0
Control,3247.0
Control,2647.0
Experiment,3217.0
Control,210.0
Control,3416.0
Experiment,1510.0
Control,1449.0
Control,1911.0
Experiment,1478.0
Experiment,3162.0
Control,2117.0
Control,1628.0
Experiment,1230.0
Control,888.0
Control,1457.0
Control,327.0
Experiment,9812.0
Experiment,3586.0
Control,1077.0
Experiment,3839.0
Experiment,2148.0
Experiment,2360.0
Experiment,1488.0
Experiment,3173.0
Control,1714.0
Control,163.0
Control,4067.0
Experiment,2073.0
Experiment,3759.0
Control,4694.0
Control,592.0
Control,3337.0
Control,1434.0
Control,1309.0
Experiment,1970.0
Control,1043.0
Experiment,2566.0
Experiment,2080.0
Experiment,3818.0
Control,2078.0
Experiment,600.0
Control,1782.0
Control,1119.0
Experiment,2447.0
Experiment,1374.0
Experiment,1712.0
Experiment,3827.0
Experiment,1765.0
Control,3878.0
Experiment,1966.0
Experiment,1646.0
Experiment,248.0
Control,3154.0
Experiment,2533.0
Control,7135.0
Control,239.0
Control,1015.0
Experiment,6646.0
Experiment,2224.0
Control,6442.0
Experiment,2161.0
Control,1055.0
Experiment,2600.0
Experiment,5497.0
Control,1736.0
Control,273.0
Experiment,1388.0
Control,2088.0
,
Experiment,707.0
Experiment,504.0
Experiment,175.0
Experiment,828.0
Control,866.0
Experiment,1059.0
Experiment,17714.0
Control,1811.0
Control,3159.0
Control,1459.0
Experiment,1074.0
Experiment,1357.0
Experiment,9421.0
Control,3852.0
Control,1664.0
Control,436.0
Experiment,1496.0
Experiment,2447.0
Experiment,1557.0
Control,2673.0
Experiment,1565.0
Experiment,2163.0
Experiment,3058.0
Experiment,1045.0
Control,1920.0
Control,3033.0
Experiment,3291.0
Control,4896.0
Control,392.0
Experiment,3204.0
Experiment,2410.0
Control,2463.0
Control,2266.0
Control,3849.0
,
Control,1402.0
Experiment,2546.0
Experiment,2722.0
Control,1472.0
Control,1770.0
Control,3601.0
Control,2337.0
Experiment,1433.0
,
Control,993.0
Control,1949.0
Control,1807.0
Experiment,4575.0
Experiment,2753.0
Experiment,2925.0
Control,2564.0
Experiment,2164.0
Experiment,3169.0
,
Control,1518.0
,
Control,3538.0
Control,2333.0
Control,907.0
Experiment,2995.0
Experiment,4176.0
Control,1354.0
Experiment,2828.0
Control,3092.0
Experiment,759.0
Experiment,2722.0
Control,14970.0
Experiment,3420.0
Experiment,1224.0
,
Experiment,1621.0
Control,1716.0
Experiment,3571.0
Experiment,293.0
Experiment,5527.0
Experiment,3506.0
Experiment,630.0
Experiment,2640.0
Control,1723.0
Control,1706.0
,
Experiment,1050.0
Control,5439.0
Experiment,2529.0
Experiment,989.0
Control,1053.0
Control,4114.0
,
Experiment,3006.0
Experiment,3774.0
,
Experiment,1893.0
Experiment,2469.0
Experiment,7906.0
Control,3182.0
Experiment,1338.0
Experiment,2091.0
Experiment,3258.0
Control,1729.0
Experiment,6439.0
Control,4855.0
Control,2480.0
Control,3210.0
Control,5105.0
Control,2279.0
Control,9016.0
Control,2469.0
Control,3536.0
Experiment,1394.0
Experiment,7166.0
Experiment,2407.0
Experiment,1710.0
Experiment,4231.0
Experiment,2197.0
Control,3842.0
Experiment,4971.0
Control,2167.0
Control,2949.0
Control,2816.0
Experiment,3728.0
Control,931.0
Experiment,1309.0
Control,2127.0
Experiment,2106.0
Experiment,1011.0
Control,1296.0
Control,1327.0
Control,1460.0
Control,1179.0
Control,3338.0
Control,1813.0
Control,12249.0
Experiment,2091.0
Experiment,1959.0
Experiment,2883.0
Control,1537.0
Control,1570.0
Experiment,718.0
Control,2064.0
Control,856.0
Experiment,2001.0
Experiment,1055.0
Control,3702.0
,
Experiment,151.0
Control,3464.0
Experiment,2036.0
,
Control,3708.0
Experiment,4795.0
Experiment,2180.0
,
Control,7766.0
Control,5548.0
Experiment,1487.0
Control,6775.0
Experiment,520.0
Experiment,1620.0
Experiment,2063.0
Experiment,1599.0
Experiment,5641.0
Experiment,1860.0
Experiment,3240.0
Control,3079.0
Experiment,1388.0
Experiment,1831.0
Experiment,2073.0
Control,2295.0
Control,2108.0
Control,3500.0
Control,8000.0
Experiment,1705.0
Control,7790.0
Experiment,2082.0
Control,717.0
Experiment,362.0
Experiment,1264.0
Control,1533.0
Experiment,1358.0
Experiment,5438.0
Control,4583.0
Experiment,1523.0
Experiment,1852.0
Control,2976.0
Control,1440.0
Control,541.0
Control,1394.0
Experiment,1832.0
Control,1525.0
Experiment,1073.0
Experiment,5027.0
Experiment,5443.0
Control,1304.0
Experiment,4242.0
Control,2582.0
,
Control,5796.0
Experiment,3995.0
Control,2446.0
Control,2188.0
Experiment,1418.0
Experiment,1374.0
Experiment,2683.0
Control,4905.0
Control,2020.0
Control,1706.0
Experiment,1828.0
Experiment,3017.0
,
Experiment,186.0
Control,997.0
Control,2864.0
Control,3494.0
Control,4053.0
Experiment,2714.0
Experiment,143.0
Control,3103.0
Experiment,4718.0
Experiment,1973.0
,
Experiment,1910.0
Experiment,3061.0
Control,741.0
Experiment,730.0
Experiment,4330.0
Experiment,3163.0
,
Control,1499.0
Experiment,6068.0
Experiment,3871.0
Control,2482.0
Experiment,2120.0
Experiment,4902.0
Experiment,1361.0
Control,3803.0
Experiment,3566.0
Experiment,1356.0
Experiment,3091.0
Experiment,2643.0
Control,3460.0
Control,3640.0
Control,99.0
Control,2358.0
Experiment,1742.0
Experiment,2029.0
Experiment,5897.0
Control,2860.0
Control,6477.0
Experiment,1967.0
Experiment,1969.0
Experiment,2992.0
Experiment,1340.0
Experiment,160.0
Control,2259.0
Control,2480.0
Experiment,2818.0
Control,1148.0
Control,4669.0
Experiment,6385.0
Control,3833.0
Experiment,473.0
Control,2064.0
Control,6825.0
Experiment,3338.0
Control,3732.0
Experiment,8864.0
Experiment,8097.0
Control,1175.0
Experiment,5649.0
Control,5327.0
Experiment,429.0
Experiment,2779.0
Experiment,262.0
Experiment,1633.0
Experiment,2592.0
Control,1005.0
Experiment,497.0
Control,753.0
Control,4034.0
Control,1217.0
Experiment,3049.0
Experiment,1582.0
Experiment,1339.0
Experiment,2091.0
,
Experiment,4403.0
Experiment,3504.0
Control,4805.0
Experiment,1843.0
Control,1082.0
Control,1982.0
Experiment,1274.0
Control,3133.0
Experiment,1705.0
Experiment,277.0
Control,1136.0
Experiment,2160.0
Experiment,1316.0
Control,437.0
Control,3296.0
Experiment,3120.0
Experiment,6313.0
Control,2203.0
Control,3962.0
Control,1352.0
Control,2440.0
,
Experiment,2962.0
,
Experiment,3169.0
Experiment,2303.0
Control,2750.0
Control,3945.0
,
Experiment,1848.0
Experiment,4261.0
Control,1238.0
,
Control,3026.0
Experiment,136.0
,
Experiment,904.0
Control,1826.0
Control,3142.0
Experiment,1813.0
Experiment,3602.0
Control,2482.0
Control,1867.0
,
Control,1867.0
Experiment,6267.0
Experiment,2409.0
Control,3376.0
Control,1292.0
Control,596.0
Experiment,1661.0
Experiment,1247.0
Control,3297.0
Control,2773.0
Experiment,1414.0
,
Experiment,5039.0
Experiment,2065.0
Control,5055.0
Experiment,1884.0
Control,3781.0
Control,1709.0
Control,6839.0
Experiment,290.0
Experiment,6051.0
Control,1993.0
Control,3053.0
Control,166.0
Experiment,2908.0
Experiment,3714.0
Experiment,1492.0
Experiment,5518.0
Experiment,1225.0
Experiment,6498.0
Control,1381.0
Experiment,3541.0
Experiment,1462.0
Experiment,5118.0
Experiment,2382.0
Control,1977.0
Experiment,9986.0
Control,4191.0
Control,4899.0
Experiment,3470.0
Control,4502.0
Control,5829.0
Control,2330.0
Control,1287.0
Experiment,4602.0
Control,2960.0
Control,2489.0
Experiment,2166.0
Control,2351.0
Control,207.0
Experiment,1762.0
Control,3266.0
,
Control,4499.0
Experiment,927.0
Control,3188.0
Experiment,4415.0
Control,1309.0
Control,989.0
Control,535.0
Experiment,5774.0
Experiment,2772.0
Experiment,153.0
Experiment,1005.0
Experiment,2383.0
Control,5694.0
Experiment,2551.0
Experiment,4832.0
Experiment,94.0
Control,2196.0
Experiment,978.0
Experiment,8157.0
Experiment,2199.0
Experiment,515.0
Experiment,1455.0
Experiment,1183.0
Control,3064.0
Experiment,892.0
Control,1039.0
,
Control,1614.0
Experiment,20102.0
Control,4508.0
Control,388.0
Control,1801.0
Experiment,5066.0
Control,4652.0
Experiment,5919.0
Experiment,2471.0
Control,2881.0
Control,843.0
Experiment,2025.0
Control,3325.0
Experiment,4209.0
Control,1863.0
Control,1745.0
Experiment,2152.0
Experiment,3842.0
Control,3464.0
Control,1953.0
Control,4841.0
Control,4271.0
Experiment,1371.0
Control,2586.0
Experiment,2675.0
Control,2327.0
Experiment,5676.0
Experiment,2103.0
Experiment,470.0
Experiment,5824.0
Experiment,3123.0
,
Experiment,1598.0
Control,1728.0
Control,4475.0
Experiment,1695.0
Control,2138.0
Control,4114.0
Control,2723.0
Experiment,2472.0
Control,9092.0
Experiment,918.0
Control,1760.0
Control,3307.0
Experiment,3684.0
Control,1702.0
Control,848.0
Experiment,5956.0
Control,4756.0
,
Experiment,2229.0
Experiment,2534.0
Experiment,2185.0
Experiment,7146.0
Experiment,2448.0
Experiment,4136.0
Control,1593.0
Control,5709.0
Experiment,5299.0
,
Experiment,865.0
Control,1412.0
,
Control,3403.0
,
Control,4384.0
Experiment,2947.0
Experiment,7374.0
Experiment,1628.0
Control,2797.0
Control,2885.0
Experiment,2339.0
Experiment,1549.0
Experiment,1288.0
Experiment,3940.0
Control,1017.0
Experiment,4525.0
Experiment,11232.0
Experiment,1434.0
Control,6970.0
Experiment,5318.0
Control,3177.0
Control,974.0
Control,1314.0
Control,1465.0
Control,1255.0
Experiment,3106.0
Experiment,3000.0
Experiment,9538.0
Experiment,3977.0
Experiment,1160.0
Control,2592.0
Control,3186.0
Experiment,2999.0
Experiment,777.0
Experiment,1989.0
Experiment,1460.0
Control,2486.0
Experiment,3904.0
Control,1469.0
,
Experiment,4751.0
Experiment,2163.0
Experiment,8291.0
Control,3624.0
Experiment,2507.0
Control,1702.0
Control,3773.0
Experiment,2456.0
Control,3139.0
Experiment,1724.0
,
Control,5041.0
Experiment,1809.0
Experiment,1324.0
Control,1887.0
Experiment,1017.0
Control,3669.0
Experiment,4065.0
Control,3242.0
Experiment,1311.0
Experiment,662.0
Control,6748.0
Control,1517.0
Control,3136.0
Experiment,2987.0
Experiment,4936.0
Experiment,3888.0
Experiment,589.0
Control,4604.0
Control,602.0
Experiment,3422.0
,
Experiment,3488.0
Experiment,1512.0
Experiment,1093.0
Control,4997.0
Control,1524.0
Experiment,2425.0
Experiment,3032.0
Experiment,6466.0
Control,3537.0
Control,2229.0
Control,2897.0
Control,1983.0
Experiment,239.0
Control,8021.0
,
Experiment,201.0
Experiment,1567.0
Control,2007.0
Experiment,2752.0
Control,1699.0
,
Experiment,1983.0
Control,5143.0
Control,1874.0
Experiment,2135.0
Control,1898.0
Experiment,1998.0
Control,839.0
Experiment,2513.0
Experiment,3529.0
Control,2431.0
Control,3040.0
Experiment,6062.0
Control,8677.0
Experiment,4219.0
Control,2376.0
Control,2248.0
Control,4365.0
Experiment,4184.0
Experiment,222.0
Experiment,901.0
Experiment,825.0
Control,5394.0
Experiment,5406.0
Experiment,1457.0
Experiment,1319.0
Experiment,1740.0
Experiment,2332.0
Experiment,3089.0
Control,1254.0
Control,2350.0
Control,5920.0
Experiment,2992.0
Experiment,965.0
Experiment,1802.0
,
Control,2892.0
Control,2371.0
Experiment,1839.0
,
Control,8312.0
Control,1502.0
Control,3007.0
Control,837.0
Control,295.0
Control,1208.0
Experiment,964.0
Control,2110.0
Experiment,1415.0
Experiment,2257.0
Control,1825.0
Control,1334.0
Experiment,2132.0
Control,2953.0
Experiment,3129.0
,
Control,2062.0
Control,819.0
Control,4234.0
Control,1782.0
Experiment,2436.0
Control,2235.0
Experiment,2398.0
Control,3112.0
Experiment,6094.0
Control,2187.0
Experiment,2504.0
Experiment,1199.0
Control,3966.0
Control,1927.0
Control,1259.0
,
Experiment,965.0
Experiment,4573.0
Control,2200.0
Control,2057.0
Experiment,2668.0
Experiment,2495.0
Experiment,3752.0
Experiment,1563.0
Experiment,2359.0
Experiment,2825.0
Experiment,2858.0
Experiment,2874.0
,
Experiment,4906.0
,
Control,2698.0
Experiment,1504.0
Control,1229.0
Control,3051.0
Experiment,2801.0
Control,2360.0
Control,4330.0
Control,3211.0
Control,1641.0
Experiment,2075.0
Control,4856.0
Experiment,2712.0
Control,4466.0
Experiment,3896.0
Experiment,2830.0
Experiment,3444.0
Control,4236.0
Experiment,1891.0
Control,2487.0
Experiment,2618.0
Experiment,5030.0
Control,760.0
Experiment,2343.0
Control,1492.0
Experiment,2803.0
Control,5174.0
Control,1051.0
Experiment,1334.0
Control,2278.0
Experiment,2661.0
Control,2458.0
Experiment,2444.0
Experiment,2280.0
Experiment,3105.0
Control,2258.0
Control,715.0
Experiment,4314.0
Control,2612.0
Experiment,3913.0
Control,189.0
Control,2507.0
Control,3102.0
Experiment,1515.0
Experiment,9198.0
Control,2312.0
Control,6839.0
Experiment,2220.0
Experiment,3406.0
Experiment,1923.0
Experiment,2249.0
Control,3889.0
Experiment,1010.0
Experiment,2501.0
Control,1351.0
Control,1054.0
Experiment,1763.0
Experiment,1091.0
Control,2444.0
Control,2204.0
Control,163.0
Experiment,1386.0
Control,1819.0
Experiment,4110.0
Control,1516.0
Control,2624.0
Experiment,2188.0
Experiment,1504.0
Experiment,294.0
Control,1201.0
Experiment,2935.0
Experiment,659.0
Experiment,1155.0
Control,607.0
Control,2695.0
Experiment,810.0
Experiment,806.0
Control,2590.0
,
Experiment,3074.0
,
Experiment,1338.0
Experiment,2637.0
Control,3173.0
Control,1762.0
Experiment,5394.0
Control,2154.0
Control,5829.0
Control,1079.0
Experiment,1491.0
Experiment,3146.0
Control,4619.0
Experiment,754.0
Control,2780.0
Control,1772.0
Control,3381.0
Experiment,1624.0
Control,5561.0
Experiment,3085.0
Control,2098.0
Control,4119.0
,
Experiment,3170.0
Experiment,1300.0
Experiment,2735.0
Experiment,1844.0
Experiment,3245.0
Experiment,6529.0
Experiment,8131.0
Experiment,2801.0
Control,647.0
Control,2606.0
Experiment,3921.0
Control,1037.0
Experiment,1210.0
Control,3800.0
Control,7066.0
Experiment,1474.0
Experiment,3278.0
Control,5710.0
Control,1352.0
Experiment,1160.0
Control,2727.0
Control,2631.0
Control,2418.0
Control,3086.0
Control,3755.0
Control,3964.0
Control,1996.0
Experiment,1823.0
Experiment,2397.0
Experiment,4944.0
Control,2297.0
Experiment,737.0
,
Control,1982.0
Control,2441.0
Control,2120.0
Experiment,1916.0
Experiment,1667.0
Control,596.0
Experiment,1176.0
Control,268.0
Experiment,5446.0
Control,2651.0
Experiment,1867.0
Control,2640.0
Control,3014.0
Control,1296.0
Control,4002.0
Experiment,1430.0
Control,4929.0
Control,878.0
Experiment,2156.0
Control,3348.0
Control,958.0
Control,5237.0
Experiment,4739.0
Experiment,7211.0
Control,3500.0
Control,779.0
Experiment,987.0
Control,1687.0
Control,3312.0
Control,1578.0
Experiment,2732.0
Experiment,1864.0
Control,88.0
Experiment,2458.0
Experiment,3551.0
Experiment,1802.0
,
Control,2796.0
Experiment,880.0
Control,5583.0
Experiment,2011.0
Control,1057.0
Experiment,5509.0
Experiment,2416.0
Control,2020.0
Experiment,1943.0
Experiment,1918.0
Control,3272.0
Experiment,2710.0
Control,1606.0
Control,2511.0
Control,1751.0
Experiment,1880.0
Control,5943.0
Experiment,2678.0
Control,8964.0
Experiment,8434.0
Experiment,4189.0
Control,2217.0
Control,2238.0
,
Experiment,3754.0
Control,1210.0
Control,2927.0
Control,2894.0
Experiment,11409.0
Experiment,21214.0
Control,1710.0
Experiment,2080.0
Experiment,2147.0
Control,2163.0
Experiment,3237.0
Control,1864.0
Experiment,1830.0
Experiment,1865.0
Experiment,4565.0
,
Control,754.0
Experiment,446.0
Experiment,2453.0
Experiment,1796.0
Experiment,846.0
Control,6570.0
Control,3833.0
,
Control,2440.0
Experiment,5566.0
Control,2522.0
Control,2210.0
Control,3139.0
Control,1668.0
Experiment,3287.0
Control,1465.0
Control,4482.0
Experiment,2398.0
Control,131.0
Experiment,2003.0
Experiment,5672.0
,
Control,337.0
Experiment,3258.0
Experiment,3121.0
Experiment,3931.0
Experiment,234.0
Control,2615.0
Control,3160.0
Control,5229.0
,
Experiment,658.0
,
Control,529.0
Experiment,5114.0
Experiment,3669.0
Experiment,1575.0
Control,1231.0
Control,2428.0
,
Experiment,3716.0
Experiment,2861.0
Control,2194.0
Experiment,4321.0
Control,3007.0
Experiment,792.0
Experiment,2176.0
Control,4368.0
Experiment,657.0
Experiment,3472.0
Experiment,3327.0
Experiment,1919.0
Control,7051.0
Experiment,1517.0
Experiment,23132.0
Experiment,1307.0
Control,6183.0
Control,1339.0
Experiment,988.0
Control,352.0
Control,2753.0
Control,2022.0
Experiment,665.0
Control,3536.0
Experiment,786.0
Control,3838.0
Experiment,8866.0
Control,3451.0
Experiment,24297.0
Experiment,6108.0
Control,1810.0
Experiment,10299.0
Control,2034.0
Experiment,3245.0
Experiment,5064.0
Control,1847.0
Control,1727.0
Control,188.0
Control,1029.0
Experiment,1804.0
Experiment,6732.0
Experiment,3233.0
Control,2370.0
Control,6317.0
Experiment,1408.0
Experiment,2144.0
Experiment,1466.0
Control,2424.0
Control,3100.0
Experiment,2820.0
Experiment,2268.0
Control,1973.0
Control,3486.0
Experiment,623.0
Experiment,1335.0
Control,1019.0
Experiment,2901.0
Experiment,12554.0
Experiment,3729.0
Experiment,3502.0
Experiment,1528.0
Control,2537.0
Control,2285.0
Experiment,3000.0
Control,2283.0
Control,2460.0
Experiment,1301.0
Experiment,2084.0
Experiment,3264.0
Experiment,6418.0
Control,1631.0
Control,1593.0
Experiment,6173.0
Experiment,4096.0
Control,1457.0
Experiment,3560.0
Control,3317.0
Control,4347.0
Control,5116.0
Experiment,3295.0
Experiment,3168.0
Control,1698.0
Experiment,732.0
Experiment,4241.0
Experiment,1383.0
Control,960.0
Experiment,4471.0
Experiment,298.0
Experiment,1307.0
Control,1129.0
Experiment,1460.0
Control,1460.0
Experiment,4540.0
Control,2395.0
Control,1252.0
Experiment,2219.0
Experiment,1822.0
Control,1292.0
Control,805.0
Experiment,1399.0
Experiment,5353.0
Experiment,1383.0
Experiment,6502.0
,
Experiment,2402.0
Experiment,5572.0
Experiment,758.0
Experiment,164.0
Control,2262.0
Control,2208.0
Control,2238.0
Experiment,2000.0
Experiment,3433.0
Experiment,1221.0
Control,7039.0
Control,13906.0
Control,3574.0
Experiment,7070.0
Experiment,2783.0
Experiment,15088.0
Control,1769.0
Control,1436.0
,
Control,5115.0
Control,2445.0
Experiment,2055.0
Control,3474.0
Control,1330.0
Control,2974.0
Experiment,3108.0
Control,4943.0
Control,2965.0
Experiment,6472.0
Experiment,2112.0
Experiment,1566.0
Control,1580.0
Experiment,3047.0
Experiment,3353.0
Experiment,3104.0
,
Control,490.0
Control,3361.0
,
Control,1280.0
Experiment,4586.0
Experiment,3208.0
Control,1955.0
Control,1730.0
Control,725.0
Control,2183.0
Control,2716.0
Control,3758.0
Experiment,2702.0
Control,2050.0
Experiment,1169.0
Experiment,3925.0
Control,2809.0
Control,2032.0
Experiment,2945.0
Control,2303.0
Experiment,1839.0
Experiment,3018.0
Control,3529.0
Experiment,3524.0
Experiment,1365.0
Control,1442.0
Experiment,2256.0
Control,2438.0
Control,2830.0
Control,3105.0
Control,2492.0
Control,1878.0
Experiment,1526.0
Control,1099.0
Control,1398.0
Experiment,2136.0
Experiment,184.0
Experiment,4606.0
Control,9152.0
Control,3229.0
Experiment,4235.0
Experiment,2963.0
Control,3428.0
Control,3560.0
Control,591.0
Control,2366.0
,
Control,68939.0
Control,2002.0
Control,4266.0
Experiment,6891.0
Control,1675.0
Control,1810.0
Experiment,1533.0
Control,1470.0
Experiment,7159.0
Control,1072.0
Experiment,171.0
Experiment,4607.0
Control,2559.0
Experiment,907.0
Control,2327.0
Control,2061.0
Experiment,1105.0
Experiment,5196.0
Experiment,3061.0
Control,2846.0
Experiment,2366.0
Control,5970.0
Experiment,2172.0
Experiment,1689.0
Control,2540.0
Control,2827.0
Control,2947.0
Experiment,1888.0
Control,4462.0
Experiment,337.0
Experiment,1925.0
Control,4203.0
Experiment,3503.0
,
Experiment,2208.0
Control,4338.0
Experiment,9253.0
,
Control,10492.0
Control,1519.0
Control,1537.0
Experiment,1480.0
Control,710.0
Control,5493.0
Control,2357.0
Control,3047.0
Experiment,2413.0
Control,2446.0
Control,1428.0
Control,6053.0
,
Experiment,1323.0
Experiment,6041.0
Control,3338.0
Experiment,1863.0
Experiment,995.0
Experiment,838.0
Experiment,3188.0
Experiment,4214.0
Experiment,1104.0
,
Control,165.0
Control,184.0
Control,1104.0
Experiment,1614.0
Control,2569.0
Experiment,3292.0
Control,7019.0
Experiment,3061.0
Experiment,766.0
Experiment,1286.0
Experiment,2133.0
Experiment,1638.0
Experiment,2270.0
Control,2316.0
Experiment,1299.0
Experiment,2498.0
Control,676.0
Experiment,5266.0
,
Experiment,5257.0
Control,3285.0
Experiment,6453.0
Experiment,1179.0
Control,2890.0
Experiment,199.0
Control,2793.0
Experiment,1967.0
Control,1393.0
Experiment,3246.0
Control,3309.0
Experiment,2263.0
Experiment,866.0
Control,2396.0
,
Control,808.0
Experiment,1797.0
Experiment,3249.0
Experiment,2573.0
Control,633.0
,
Experiment,6498.0
,
Experiment,4546.0
,
Control,3221.0
Experiment,517.0
,
,
Control,1783.0
Experiment,2680.0
Control,4049.0
Control,2117.0
Experiment,1848.0
Control,3753.0
Experiment,5305.0
Experiment,4253.0
Experiment,1144.0
Control,1932.0
Control,1029.0
,
Control,2534.0
Experiment,3105.0
Control,865.0
Experiment,757.0
Control,3796.0
,
Experiment,5256.0
,
Experiment,2563.0
Control,5121.0
Control,2654.0
Experiment,2031.0
,
Experiment,3401.0
Experiment,1676.0
Experiment,3785.0
Experiment,2226.0
Control,1626.0
Control,811.0
Control,2165.0
Experiment,2023.0
Experiment,3704.0
Control,3593.0
Control,3286.0
Control,4314.0
Control,3245.0
Experiment,1291.0
Experiment,3106.0
Control,3177.0
Experiment,1806.0
Control,3377.0
Experiment,2925.0
Control,2538.0
Experiment,4634.0
Experiment,2134.0
Experiment,1416.0
Control,1317.0
Experiment,1145.0
Experiment,1131.0
Control,1451.0
Control,109.0
Control,1388.0
Control,2969.0
Control,3509.0
Control,1554.0
Experiment,2547.0
Experiment,3990.0
Control,1634.0
Control,8484.0
Control,757.0
Experiment,6957.0
,
Experiment,5568.0
Control,1586.0
Experiment,2743.0
Experiment,1300.0
Experiment,6870.0
Experiment,4099.0
Control,33782.0
Control,4549.0
Experiment,1605.0
Control,2995.0
Experiment,88.0
Control,2844.0
Experiment,1682.0
Experiment,250.0
Control,2497.0
Experiment,4234.0
Control,2890.0
Experiment,2521.0
Control,2848.0
Control,3303.0
Control,2599.0
Control,4582.0
Control,4464.0
Control,3220.0
Experiment,2541.0
Experiment,18107.0
Control,1172.0
Control,4257.0
Experiment,9309.0
Experiment,2357.0
Experiment,3884.0
Control,7767.0
Experiment,4252.0
Experiment,882.0
Control,4595.0
Experiment,2600.0
Control,2470.0
Experiment,4312.0
,
Experiment,3844.0
Control,1581.0
Experiment,1567.0
Control,1970.0
Experiment,3741.0
Experiment,1256.0
Control,4115.0
Control,3354.0
Experiment,5689.0
,
Experiment,1140.0
Control,1232.0
Control,1860.0
Experiment,2589.0
Control,1197.0
,
,
Control,3762.0
Control,2203.0
Control,3199.0
Experiment,1650.0
Control,2507.0
Experiment,3432.0
Control,1826.0
Control,725.0
Control,4798.0
Control,2250.0
Control,2480.0
Experiment,2502.0
Control,1196.0
Experiment,1572.0
Experiment,1679.0
Control,1516.0
Control,4209.0
Control,1672.0
Control,791.0
Experiment,1449.0
Control,1896.0
Experiment,2597.0
Control,1453.0
Experiment,5028.0
Control,1859.0
Control,5366.0
,
Experiment,2942.0
Control,248.0
Control,2529.0
Control,1714.0
Control,7374.0
Control,1994.0
Control,1958.0
Control,9671.0
Experiment,2623.0
Control,2751.0
Experiment,1951.0
Experiment,1398.0
Control,1361.0
Control,3655.0
Control,1129.0
Control,3483.0
,
Control,1051.0
Experiment,4649.0
Experiment,12731.0
Experiment,4732.0
Control,3901.0
Experiment,1958.0
Control,1371.0
Control,1871.0
Control,3801.0
Control,2473.0
Experiment,1525.0
Experiment,11988.0
Control,3178.0
Experiment,1508.0
Experiment,1342.0
Control,3383.0
Control,2159.0
Control,1850.0
Control,2596.0
Control,22626.0
Experiment,1587.0
Control,3427.0
Control,3353.0
Control,3086.0
Control,1697.0
Experiment,2080.0
Control,2025.0
,
Experiment,1705.0
Control,1628.0
Experiment,2619.0
Control,848.0
Control,2164.0
Experiment,1367.0
Experiment,3387.0
Experiment,5420.0
Control,963.0
Experiment,3267.0
Experiment,743.0
Experiment,2291.0
Control,1436.0
Control,3684.0
Control,3032.0
Experiment,2458.0
Control,4543.0
Control,4227.0
Control,1365.0
Experiment,1440.0
Experiment,1510.0
Control,2247.0
Control,3218.0
Control,1797.0
Experiment,4435.0
,
Experiment,3849.0
Control,12369.0
Control,2368.0
Experiment,3528.0
Control,1177.0
Control,10606.0
Control,5253.0
Experiment,1418.0
Experiment,4216.0
Control,1856.0
Experiment,1904.0
Experiment,1556.0
Control,757.0
Control,3718.0
Control,1589.0
Experiment,13559.0
Experiment,1851.0
Experiment,954.0
Experiment,2776.0
Experiment,3091.0
Experiment,4300.0
Experiment,2842.0
Control,2613.0
Control,2776.0
Control,2498.0
Control,4411.0
Control,5404.0
Control,2418.0
Control,3329.0
Experiment,8465.0
Control,4821.0
Control,2620.0
Control,3107.0
Control,1149.0
Control,2428.0
Control,1587.0
Control,1773.0
Experiment,3658.0
Control,776.0
Experiment,1847.0
Control,2172.0
Control,2050.0
Control,1711.0
Control,2680.0
Control,2499.0
Experiment,2716.0
Control,1564.0
Control,2831.0
Control,2219.0
Control,5471.0
Control,1332.0
Control,1978.0
Control,2214.0
Control,13997.0
Experiment,6338.0
Experiment,6820.0
Control,1859.0
,
Control,3140.0
Experiment,1403.0
Experiment,3153.0
Experiment,943.0
Control,1578.0
Control,2701.0
Experiment,9786.0
Control,3579.0
Experiment,4909.0
Control,1500.0
Experiment,4247.0
Experiment,2017.0
Control,2201.0
Control,1126.0
Experiment,2849.0
Control,3471.0
Control,777.0
Experiment,1211.0
Control,1334.0
Control,783.0
,
Control,1095.0
Experiment,6416.0
Control,4553.0
Experiment,6294.0
Experiment,2911.0
Control,3737.0
Experiment,1681.0
Experiment,4109.0
Control,1283.0
Control,3738.0
Experiment,2597.0
Experiment,2470.0
Control,4071.0
Experiment,1287.0
Experiment,30620.0
,
Experiment,2341.0
Control,2589.0
,
Experiment,2410.0
Experiment,3048.0
Experiment,3730.0
Experiment,3370.0
Control,2544.0
Control,838.0
Experiment,1860.0
Experiment,1819.0
Control,8762.0
Control,2324.0
Control,2839.0
Control,1542.0
,
Control,1040.0
Experiment,1931.0
Experiment,2598.0
Control,4110.0
Control,231.0
Control,3900.0
Control,1994.0
Experiment,1435.0
Experiment,3506.0
Experiment,5904.0
Control,3067.0
Experiment,2248.0
Control,1842.0
Control,3664.0
Experiment,1568.0
Control,5589.0
Control,2955.0
Control,1886.0
Control,1625.0
Control,7416.0
Control,1818.0
Experiment,5539.0
Experiment,645.0
Experiment,1116.0
Experiment,4969.0
Experiment,2980.0
Experiment,1942.0
Experiment,1413.0
Experiment,2615.0
Experiment,1079.0
Control,2718.0
Experiment,4522.0
Control,2908.0
Experiment,2336.0
Experiment,2875.0
Control,1279.0
Experiment,4133.0
Experiment,2329.0
Control,4370.0
,
Control,5516.0
Experiment,5552.0
Control,2389.0
Control,605.0
Experiment,5966.0
Experiment,5263.0
Control,1324.0
Control,1775.0
Control,1915.0
Control,2408.0
Experiment,2837.0
Experiment,6825.0
Control,297.0
Control,2069.0
Experiment,2037.0
Control,2458.0
Control,1458.0
Experiment,6153.0
Control,3390.0
Experiment,11912.0
Control,1856.0
Control,4460.0
Control,159.0
Control,2262.0
Control,2250.0
Control,5150.0
Control,3088.0
Control,2146.0
Experiment,13281.0
Control,2585.0
Experiment,1164.0
Experiment,2699.0
Control,1538.0
Experiment,9493.0
Experiment,3305.0
Control,2551.0
Experiment,2117.0
Control,5167.0
Experiment,1500.0
Experiment,1659.0
Experiment,2821.0
,
Experiment,607.0
Control,651.0
Experiment,3013.0
Control,311.0
Control,1815.0
Experiment,3729.0
Experiment,4265.0
Control,1712.0
Control,2261.0
Experiment,1622.0
Experiment,2869.0
Experiment,881.0
Experiment,1900.0
Experiment,7705.0
Experiment,2857.0
Control,2567.0
Control,4093.0
Control,3044.0
Experiment,3259.0
Experiment,2092.0
,
,
Experiment,1469.0
Control,2296.0
Control,3077.0
,
Experiment,1811.0
,
Experiment,2893.0
Control,3720.0
Experiment,469.0
Experiment,1770.0
Control,1669.0
Experiment,2342.0
Control,3997.0
Experiment,1672.0
Control,2551.0
Control,1974.0
Control,1484.0
Control,11593.0
Experiment,3039.0
Control,522.0
,
Experiment,679.0
Experiment,2926.0
Control,2307.0
Control,3848.0
Control,3322.0
Experiment,193.0
Experiment,2063.0
Experiment,1659.0
Experiment,1201.0
Control,7565.0
Experiment,2522.0
Experiment,2447.0
Control,1616.0
Control,1201.0
Experiment,12210.0
Control,2641.0
Experiment,2896.0
Control,4060.0
Control,2970.0
Experiment,2420.0
Experiment,566.0
Experiment,7374.0
Control,390.0
Control,4278.0
Experiment,2951.0
Control,705.0
Control,1217.0
Experiment,803.0
Control,2547.0
Experiment,1871.0
Experiment,2821.0
Control,4104.0
Experiment,1244.0
Control,2345.0
Control,1822.0
Experiment,2286.0
Experiment,4767.0
Control,89.0
Control,2117.0
Control,9169.0
Experiment,1592.0
Control,1133.0
Control,32920.0
Experiment,456.0
Experiment,1437.0
Experiment,1586.0
Control,3923.0
Control,4773.0
Experiment,2050.0
Control,1263.0
Control,1712.0
Control,4470.0
Experiment,2134.0
Control,717.0
Experiment,2039.0
Experiment,4714.0
Control,5288.0
Control,3405.0
Control,4076.0
Control,8082.0
Experiment,3889.0
Control,154.0
Experiment,4204.0
Control,1438.0
Experiment,1783.0
Control,898.0
Experiment,5570.0
Control,4659.0
Experiment,2561.0
Experiment,4754.0
Experiment,3740.0
Control,5877.0
Control,4750.0
Experiment,2335.0
Experiment,1201.0
Experiment,2376.0
Control,4731.0
,
Experiment,2374.0
Control,1293.0
Control,3701.0
Control,2295.0
Experiment,3969.0
Control,2304.0
Experiment,1506.0
Experiment,2812.0
Control,2050.0
,
Experiment,99610.0
,
Control,4539.0
Control,1593.0
Experiment,315.0
Experiment,2711.0
Experiment,329.0
Experiment,5270.0
Experiment,6736.0
Experiment,4140.0
Control,1113.0
Control,2369.0
Control,1612.0
Experiment,716.0
Experiment,2151.0
Experiment,4065.0
Control,2030.0
Control,3316.0
Control,2329.0
Experiment,3288.0
Experiment,9075.0
Control,1271.0
Control,562.0
Experiment,2291.0
Control,3664.0
Control,3257.0
Experiment,2138.0
Experiment,779.0
Experiment,1946.0
Experiment,1507.0
Control,2128.0
Control,2006.0
Experiment,1256.0
Experiment,2428.0
Control,1649.0
Control,4501.0
Experiment,5954.0
Control,4089.0
Control,1365.0
Experiment,2291.0
Control,8169.0
Control,2234.0
Control,1711.0
Experiment,1034.0
Experiment,8261.0
Control,8247.0
Experiment,3399.0
Control,851.0
Experiment,3697.0
,
Control,1473.0
Control,2141.0
Experiment,2359.0
Control,2873.0
Control,2519.0
Experiment,2589.0
Experiment,2188.0
Control,4188.0
Experiment,2811.0
Experiment,1657.0
Experiment,2128.0
Control,7965.0
Experiment,3139.0
Control,4606.0
Control,2807.0
Experiment,3068.0
Control,1969.0
Experiment,2476.0
Experiment,2486.0
Control,1812.0
Control,1541.0
Control,482.0
Control,6477.0
Control,8259.0
Control,2506.0
Control,1909.0
Experiment,2967.0
Control,858.0
Control,1134.0
Experiment,5954.0
Experiment,2241.0
Control,2900.0
Experiment,1065.0
Experiment,7651.0
Control,2511.0
Experiment,1914.0
Experiment,2179.0
Control,732.0
Experiment,2020.0
Control,1966.0
Control,840.0
Control,4303.0
Experiment,2721.0
Experiment,2609.0
Control,3100.0
,
Experiment,5388.0
Experiment,2814.0
Experiment,3696.0
Experiment,1180.0
Experiment,587.0
Control,3231.0
Control,3563.0
Control,3157.0
Control,4904.0
Control,1433.0
,
Experiment,2937.0
Experiment,2309.0
Control,10910.0
Experiment,986.0
Control,3797.0
Control,909.0
Experiment,1114.0
,
Experiment,9228.0
Control,1428.0
,
Control,5612.0
Experiment,4789.0
Experiment,874.0
Experiment,1071.0
Control,5165.0
Control,2653.0
Control,1630.0
Control,1900.0
Experiment,1447.0
Experiment,1833.0
Control,768.0
Experiment,12175.0
Control,1685.0
Experiment,3468.0
Experiment,3625.0
Control,2927.0
Experiment,352.0
Control,4057.0
Experiment,3565.0
Control,2249.0
Control,1025.0
Control,2756.0
Experiment,101.0
Control,5163.0
Experiment,758.0
Experiment,1276.0
Control,4503.0
Experiment,1056.0
Experiment,3431.0
Experiment,4660.0
Control,3948.0
Control,640.0
Experiment,2173.0
Control,4216.0
Control,3329.0
Experiment,1795.0
Control,1945.0
Experiment,1341.0
Experiment,2280.0
Experiment,5552.0
Experiment,5012.0
Control,1897.0
Experiment,2122.0
Control,2307.0
Control,5123.0
Experiment,100.0
Experiment,1333.0
Experiment,1164.0
Control,3331.0
Experiment,946.0
Experiment,2009.0
Control,4189.0
Experiment,1971.0
Experiment,3668.0
Experiment,2549.0
Control,2971.0
Experiment,1384.0
Control,2739.0
Control,13708.0
,
Experiment,1832.0
Control,3751.0
Control,3490.0
Control,2451.0
Experiment,5299.0
Control,2845.0
Experiment,2723.0
,
Experiment,12607.0
Experiment,3508.0
Experiment,4357.0
Experiment,1602.0
Control,1773.0
Experiment,4096.0
Control,1548.0
Experiment,1929.0
,
Control,5369.0
Control,4938.0
,
Experiment,4474.0
Control,251.0
Control,2734.0
Experiment,4072.0
Control,196.0
Control,3657.0
Control,2817.0
Experiment,4279.0
Control,3770.0
Experiment,2986.0
Control,374.0
Control,4817.0
Control,1316.0
Control,1551.0
Control,2127.0
Control,2258.0
Experiment,2317.0
Experiment,1538.0
Experiment,1154.0
Control,4196.0
,
Control,135.0
Experiment,3975.0
,
Control,1176.0
Experiment,2803.0
Control,1923.0
Control,3757.0
Control,1853.0
Experiment,900.0
Control,1590.0
Control,252.0
Experiment,3318.0
Experiment,5968.0
Control,8508.0
Experiment,8178.0
Control,4206.0
Control,1573.0
Experiment,3595.0
Experiment,1111.0
Experiment,2671.0
Control,3036.0
Control,2245.0
Control,1479.0
Experiment,4278.0
Experiment,2660.0
Control,3354.0
Control,4086.0
Experiment,3944.0
Control,215.0
,
Control,4214.0
Control,1687.0
Control,65450.0
Experiment,1791.0
Experiment,1446.0
Experiment,1091.0
,
Control,1190.0
Control,3274.0
Experiment,2311.0
Experiment,3082.0
Control,4274.0
Experiment,2603.0
Experiment,3692.0
Control,7809.0
Control,3965.0
Experiment,2991.0
Experiment,1038.0
Experiment,7638.0
Control,4120.0
Control,3950.0
Experiment,2269.0
Control,5929.0
Experiment,4526.0
Experiment,3277.0
Experiment,3295.0
Control,835.0
Experiment,628.0
Control,3148.0
Control,14698.0
Control,4358.0
Experiment,5125.0
Control,2517.0
Control,2451.0
Control,1984.0
,
Experiment,6566.0
Control,1872.0
Control,2189.0
Control,1568.0
Experiment,4002.0
Control,1529.0
Control,2339.0
Experiment,2219.0
Control,4670.0
Control,1840.0
Experiment,1501.0
Experiment,2419.0
Control,1393.0
Experiment,2557.0
Experiment,2939.0
Experiment,2364.0
Control,1902.0
Control,3536.0
Experiment,2592.0
Control,1690.0
Control,1645.0
Experiment,1191.0
Experiment,6387.0
Experiment,5443.0
Experiment,3054.0
Experiment,1818.0
Control,2123.0
Experiment,7732.0
Experiment,2146.0
,
Control,1817.0
Experiment,5029.0
Experiment,2695.0
Control,825.0
Control,1513.0
Experiment,2111.0
Control,1760.0
Experiment,2647.0
Experiment,3437.0
Experiment,1466.0
Experiment,2324.0
Control,2548.0
Experiment,1407.0
Experiment,2884.0
Control,3769.0
Control,5287.0
,
Control,8939.0
Experiment,2844.0
Control,2670.0
Control,2307.0
Experiment,2281.0
Experiment,2830.0
Control,2003.0
,
Control,1585.0
Experiment,1456.0
Control,3316.0
Control,3127.0
Experiment,1287.0
Control,3692.0
Experiment,1071.0
Control,1559.0
Control,5950.0
Experiment,2803.0
,
Experiment,711.0
Control,1952.0
Control,5855.0
Experiment,14067.0
Control,3986.0
Control,2937.0
Control,2049.0
Experiment,1795.0
Control,1949.0
,
Experiment,2960.0
Control,3613.0
Control,3457.0
Experiment,2579.0
Control,3586.0
Experiment,864.0
Control,2258.0
,
Control,3244.0
Experiment,2436.0
Experiment,145.0
Experiment,6906.0
Control,2488.0
Control,1672.0
Control,1465.0
Control,2637.0
Experiment,3071.0
Control,2625.0
Control,2305.0
Experiment,6417.0
Experiment,1903.0
Control,3372.0
Control,2421.0
Control,892.0
Control,2980.0
Control,2178.0
Control,987.0
Experiment,2223.0
Experiment,2521.0
Experiment,2321.0
,
Experiment,570.0
Control,4576.0
Control,4940.0
Experiment,2439.0
Experiment,2606.0
Control,1949.0
Control,2892.0
Control,3459.0
Control,1149.0
Control,4640.0
Control,3361.0
Control,4261.0
Experiment,1352.0
Experiment,6490.0
Experiment,3356.0
Control,1810.0
Experiment,1415.0
Control,21584.0
Control,2390.0
Experiment,4543.0
Control,1201.0
Experiment,1194.0
Control,2049.0
Control,1905.0
Experiment,3811.0
Control,2051.0
Control,1816.0
Control,15956.0
Control,1847.0
Control,2340.0
Control,5179.0
,
Experiment,1372.0
Control,1251.0
Control,3083.0
Control,2835.0
,
Control,183.0
Control,2225.0
Control,151.0
Control,3899.0
Control,3437.0
Experiment,3638.0
Experiment,981.0
Experiment,1669.0
Control,2448.0
Experiment,1041.0
Control,3893.0
Control,1518.0
Control,3063.0
Control,9538.0
Control,3521.0
Control,6450.0
Control,779.0
Experiment,1006.0
,
Control,1542.0
Control,2016.0
Experiment,2416.0
Experiment,814.0
Control,2092.0
Experiment,4814.0
Experiment,1940.0
Experiment,1834.0
Control,1187.0
Control,1323.0
Experiment,1307.0
Experiment,3069.0
Experiment,5117.0
Experiment,2117.0
Experiment,2376.0
Experiment,2692.0
Experiment,2642.0
Experiment,3560.0
Control,1330.0
Experiment,835.0
Control,2799.0
Experiment,7702.0
Experiment,4361.0
Control,3184.0
Experiment,4320.0
Control,7274.0
Control,432.0
Experiment,1280.0
Experiment,3084.0
Experiment,2513.0
,
Control,1121.0
Control,1467.0
Experiment,3270.0
Control,2275.0
Experiment,4350.0
Control,1455.0
Experiment,2462.0
Control,3370.0
Experiment,1191.0
Control,1870.0
Experiment,1812.0
Control,950.0
Control,3610.0
Control,5021.0
Control,4138.0
Experiment,2058.0
Control,842.0
Control,1841.0
Experiment,3315.0
Experiment,9497.0
Experiment,651.0
Control,4615.0
Experiment,2370.0
Control,887.0
Experiment,1084.0
,
Control,208.0
Control,5680.0
,
Control,3512.0
Control,739.0
Experiment,7382.0
Control,738.0
Control,693.0
Control,2634.0
Control,2290.0
,
Experiment,3171.0
Experiment,1233.0
Control,7202.0
Experiment,4385.0
Control,2259.0
Experiment,1388.0
Experiment,3655.0
,
Control,4367.0
,
,
Experiment,2268.0
Control,3524.0
Control,1666.0
Control,12144.0
Experiment,1107.0
Experiment,939.0
Experiment,2372.0
Control,418.0
Experiment,2955.0
Control,3470.0
Experiment,1475.0
Experiment,4957.0
Experiment,2852.0
Experiment,5875.0
Control,2933.0
Experiment,2337.0
Control,5239.0
Control,1123.0
Experiment,1858.0
Experiment,5495.0
Experiment,1545.0
Experiment,4928.0
Control,1181.0
Experiment,1062.0
Control,2012.0
Experiment,1461.0
Control,4153.0
Control,5627.0
Experiment,3089.0
Control,5003.0
Control,2966.0
Control,6209.0
Control,2282.0
Control,2648.0
Control,1055.0
Experiment,2519.0
Experiment,1965.0
Experiment,2574.0
Experiment,1984.0
Experiment,2521.0
Experiment,7629.0
Experiment,1610.0
Experiment,2346.0
Control,1312.0
Experiment,133.0
Experiment,1979.0
Control,7149.0
Control,3236.0
,
Control,2550.0
Control,1124.0
Control,2839.0
Control,10570.0
Control,2305.0
Control,3625.0
Experiment,12053.0
,
Control,8360.0
,
Experiment,6651.0
Experiment,869.0
Experiment,4480.0
Experiment,4131.0
Experiment,1045.0
Control,2233.0
Control,2421.0
Experiment,1981.0
Control,3740.0
Control,6921.0
Control,1476.0
Control,1809.0
Experiment,2868.0
Experiment,4799.0
Experiment,1884.0
Experiment,2905.0
Control,2801.0
Experiment,2098.0
,
Control,2404.0
Control,2453.0
Control,5890.0
Control,1445.0
Control,6397.0
Control,4178.0
Control,1546.0
Experiment,2535.0
Experiment,1728.0
Experiment,5963.0
Control,3882.0
Experiment,3958.0
Experiment,1516.0
Control,2198.0
Experiment,1132.0
Experiment,2891.0
Experiment,2124.0
Experiment,980.0
Control,3446.0
Control,16863.0
Experiment,799.0
Control,8267.0
Control,1310.0
Control,1039.0
Experiment,220.0
Experiment,2542.0
Control,2374.0
Experiment,142.0
Experiment,5572.0
Control,3720.0
Experiment,240.0
Control,1286.0
Experiment,2879.0
Experiment,921.0
Control,1402.0
Control,1669.0
Control,7337.0
Control,3028.0
Experiment,1487.0
Control,2027.0
Control,2277.0
Control,1641.0
Experiment,1303.0
Control,4246.0
Experiment,795.0
Experiment,2954.0
Experiment,982.0
Control,1629.0
Experiment,665.0
Experiment,2680.0
Control,4499.0
Experiment,3561.0
Experiment,3618.0
,
Control,2357.0
Control,157.0
Control,996.0
Control,4354.0
Experiment,1768.0
Experiment,2872.0
,
Control,2751.0
Experiment,1249.0
Control,2994.0
Experiment,1486.0
Control,1690.0
Control,312.0
Experiment,802.0
Control,2410.0
Experiment,5567.0
Control,2050.0
Experiment,255.0
Control,5259.0
,
Control,2332.0
Control,180.0
Control,1166.0
Experiment,2516.0
Control,1404.0
Experiment,999.0
Control,2810.0
Control,9505.0
Control,726.0
Control,1012.0
Control,4076.0
Control,1938.0
Experiment,1394.0
Experiment,1321.0
Control,3086.0
Control,1265.0
,
Control,4359.0
Control,988.0
Experiment,3479.0
Experiment,9747.0
Control,485.0
Experiment,4446.0
Control,1941.0
Experiment,1506.0
Experiment,4533.0
Control,1403.0
Control,729.0
Experiment,9814.0
Experiment,3947.0
Experiment,1153.0
Control,1685.0
Control,1376.0
Control,6557.0
Control,14159.0
Control,2540.0
Experiment,2862.0
Control,1196.0
Experiment,1702.0
Experiment,766.0
Experiment,1747.0
Control,3594.0
Experiment,1051.0
Control,1301.0
Control,3441.0
Control,2789.0
,
Experiment,5286.0
Experiment,1185.0
Control,2419.0
Control,5187.0
Experiment,3475.0
